test_r2_mean,test_r2_std,train_r2_mean,train_r2_std
0.31843924387709216,0.16945139973478668,0.7846097369501781,0.3924231351916706
